Year,Reference Old Home PM2.5 (ug/m3),Reference New Home PM25 (ug/m3),Int Old Home PM2.5 (ug/m3),Int New Home PM25 (ug/m3),Opt Old Home PM2.5 (ug/m3),Opt New Home PM25 (ug/m3)
2016,13.804,16.447,13.804,16.447,13.804,16.447
2017,13.804,16.447,13.804,16.447,13.804,16.447
2018,13.804,16.447,13.804,16.447,13.804,16.447
2019,13.804,16.447,13.804,16.447,13.804,16.447
2020,13.836,15.764,15.176,17.277,15.697,18.393
2021,13.836,15.764,15.176,17.277,15.697,18.393
2022,13.836,15.764,15.176,17.277,15.697,18.393
2023,13.836,15.764,15.176,17.277,15.697,18.393
2024,13.836,15.764,15.176,17.277,15.697,18.393
2025,13.836,15.764,15.176,17.277,15.697,18.393
2026,13.836,15.764,15.176,17.277,15.697,18.393
2027,13.836,15.764,15.176,17.277,15.697,18.393
2028,13.836,15.764,15.176,17.277,15.697,18.393
2029,13.836,15.764,15.176,17.277,15.697,18.393
2030,13.836,15.764,15.176,17.277,15.697,18.393
2031,13.836,15.764,15.176,17.277,15.697,18.393
2032,13.836,15.764,15.176,17.277,15.697,18.393
2033,13.836,15.764,15.176,17.277,15.697,18.393
2034,13.836,15.764,15.176,17.277,15.697,18.393
2035,13.836,15.764,15.176,17.277,15.697,18.393
2036,13.836,15.764,15.176,17.277,15.697,18.393
2037,13.836,15.764,15.176,17.277,15.697,18.393
2038,13.836,15.764,15.176,17.277,15.697,18.393
2039,13.836,15.764,15.176,17.277,15.697,18.393
2040,13.836,15.764,15.176,17.277,15.697,18.393
2041,13.836,15.764,15.176,17.277,15.697,18.393
2042,13.836,15.764,15.176,17.277,15.697,18.393
2043,13.836,15.764,15.176,17.277,15.697,18.393
2044,13.836,15.764,15.176,17.277,15.697,18.393
2045,13.836,15.764,15.176,17.277,15.697,18.393
2046,13.836,15.764,15.176,17.277,15.697,18.393
2047,13.836,15.764,15.176,17.277,15.697,18.393
2048,13.836,15.764,15.176,17.277,15.697,18.393
2049,13.836,15.764,15.176,17.277,15.697,18.393
2050,13.836,15.764,15.176,17.277,15.697,18.393